gemeinde_name,gemeinde_typ,landkreis_schluessel,gemeinde_schluessel,dach_flaeche_qm,dach_leistung_amtlich_kwp,dach_menge_amtlich_mwh,frei_flaeche_qm,frei_leistung_amtlich_kwp,bestand_csv_dach_anzahl,bestand_csv_dach_kwp,bestand_csv_balkon_anzahl,bestand_csv_balkon_kwp,bestand_csv_frei_anzahl,bestand_csv_frei_kwp,bestand_dach_kwp_gesamt,bestand_gesamt_kwp,ausschoepfung_dach_prozent
Brandenburg an der Havel,Kreisfreie Stadt,12051,12051000,3752898.6,744168.8,581828.7915,111510990.0,845962.8,2076,35096.48,1032,1208.76,20,89693.1,35096.48,125998.34,4.72
Cottbus,Kreisfreie Stadt,12052,12052000,4352996.7,863314.4,680810.4346,89736150.0,1151796.7,3041,52076.42,1292,1456.15,22,79073.25,52076.42,132605.82,6.03
Frankfurt (Oder),Kreisfreie Stadt,12053,12053000,2545593.9,505210.0,398628.919,96656700.0,3284304.7,1231,42250.87,765,866.74,14,14814.87,42250.87,57932.48,8.36
Potsdam,Kreisfreie Stadt,12054,12054000,5181779.4,1028246.4,798823.4417,102406420.0,805821.8,2793,40522.59,1420,1466.59,5,16706.32,40522.59,58695.5,3.94
Ahrensfelde,Amtsfreie Gemeinde,12060,12060005,989611.7,195796.8,155014.605,46111700.0,2122389.7,1233,13537.49,556,637.38,7,41214.41,13537.49,55389.28,6.91
Althüttendorf,Gemeinde,12060,12060012,67243.5,13293.6,10077.6929,13227050.0,0.0,46,2147.18,17,18.33,0,0.0,2147.18,2165.51,16.15
Bernau bei Berlin,Amtsfreie Stadt,12060,12060020,1779921.6,352143.6,272492.5059,63520780.0,1274633.6,1670,27577.42,920,1057.03,0,0.0,27577.42,28641.33,7.83
Biesenthal,Stadt,12060,12060024,405691.7,80187.6,60805.7528,29178310.0,349641.4,347,4379.59,189,236.26,2,2742.66,4379.59,7358.51,5.46
Breydin,Gemeinde,12060,12060034,82845.5,16389.2,12257.8233,22110310.0,162406.6,39,671.35,22,23.13,1,1499.68,671.35,2194.16,4.1
Britz,Gemeinde,12060,12060036,211514.9,41906.0,34127.1717,11764180.0,0.0,159,3959.78,56,68.64,2,8327.34,3959.78,12355.76,9.45
Chorin,Gemeinde,12060,12060045,247211.6,48872.4,36893.6658,49163070.0,0.0,181,5243.37,66,73.14,0,0.0,5243.37,5316.51,10.73
Eberswalde,Amtsfreie Stadt,12060,12060052,2019615.4,400482,314697.6282,36970330.0,110991.2,919,17345.76,419,462.43,39,112248.74,17345.76,130056.93,4.33
Friedrichswalde,Gemeinde,12060,12060068,114581.6,22653.6,16942.8046,20902830.0,0.0,67,1028.11,15,16.74,0,0.0,1028.11,1044.85,4.54
Hohenfinow,Gemeinde,12060,12060092,57122.3,11310.0,8351.0774,10383460.0,46399.1,22,712.01,16,21.39,0,0.0,712.01,733.4,6.3
Joachimsthal,Stadt,12060,12060100,264472.9,52306.0,38727.6117,68007710.0,0.0,142,1528.15,69,87.3,2,13.08,1528.15,1628.53,2.92
Liepe,Gemeinde,12060,12060128,62687.3,12353.6,9455.5279,7958230.0,0.0,46,1150.43,25,27.3,1,7.88,1150.43,1185.61,9.31
Lunow-Stolzenhagen,Gemeinde,12060,12060149,155051.6,30656.0,23057.0941,22791650.0,341141.1,88,3263.45,24,23.96,0,0.0,3263.45,3287.41,10.65
Marienwerder,Gemeinde,12060,12060154,177666.8,35037.2,26222.5863,18317130.0,27985.0,149,2213.35,68,75.51,1,1449.9,2213.35,3738.76,6.32
Melchow,Gemeinde,12060,12060161,74595.5,14673.6,10993.7278,6171580.0,400.0,116,1073.64,49,66.42,0,0.0,1073.64,1140.06,7.32
Niederfinow,Gemeinde,12060,12060172,53686.5,10604.0,7946.6191,7163340.0,0.0,43,469.38,16,18.42,0,0.0,469.38,487.8,4.43
Oderberg,Stadt,12060,12060176,180072,35539.6,26662.7034,13805560.0,90854.8,73,3178.54,55,58.87,0,0.0,3178.54,3237.41,8.94
Panketal,Amtsfreie Gemeinde,12060,12060181,942411.0,185563.2,141108.8515,13761070.0,469767.4,1568,13998.85,776,879.87,0,0.0,13998.85,14878.72,7.54
Parsteinsee,Gemeinde,12060,12060185,78515.4,15560,11412.7446,15687820.0,534144.9,35,2340.26,9,10.46,0,0.0,2340.26,2350.72,15.04
Rüdnitz,Gemeinde,12060,12060192,138719.8,27384.4,20608.0728,8811430.0,137255.0,92,841.5,63,63.26,0,0.0,841.5,904.76,3.07
Schorfheide,Amtsfreie Gemeinde,12060,12060198,871751.0,172280.4,131421.3389,176156520.0,673968.8,686,12747.96,284,336.63,0,0.0,12747.96,13084.59,7.4
Sydower Fließ,Gemeinde,12060,12060250,105117.9,20820.8,15706.5946,22286960.0,817979.8,58,1226.7,29,36.2,0,0.0,1226.7,1262.9,5.89
Wandlitz,Amtsfreie Gemeinde,12060,12060269,1379629.9,272401.6,204342.7825,82489790.0,281866.5,1548,16282.29,667,786.23,1,4266.0,16282.29,21334.52,5.98
Werneuchen,Amtsfreie Stadt,12060,12060280,787125.3,155870,120908.1141,89831440.0,4111248.1,607,11330.87,300,341.88,24,239508.93,11330.87,251181.68,7.27
Ziethen,Gemeinde,12060,12060296,73475.1,14560.8,11201.6525,20850760.0,0.0,24,339.92,20,27.23,0,0.0,339.92,367.15,2.33
Alt Zauche-Wußwerk,Gemeinde,12061,12061005,84191.9,16682.8,12588.031,18009520.0,0.0,44,3060.25,11,10.58,0,0.0,3060.25,3070.83,18.34
Bersteland,Gemeinde,12061,12061017,137603,27266.4,20660.0112,22247350.0,731927.4,83,3734.84,17,17.53,1,671.34,3734.84,4423.71,13.7
Bestensee,Amtsfreie Gemeinde,12061,12061020,469328.5,92752.0,69533.0648,17587340.0,65792.9,637,10582.07,237,275.86,0,0.0,10582.07,10857.93,11.41
Byhleguhre-Byhlen,Gemeinde,12061,12061061,91698.6,18059.2,13569.466,29303590.0,0.0,85,2280.33,16,16.04,0,0.0,2280.33,2296.37,12.63
Drahnsdorf,Gemeinde,12061,12061097,92141.7,18248.8,14089.5616,17459630.0,666498.8,66,3087.36,18,26.02,0,0.0,3087.36,3113.38,16.92
Eichwalde,Amtsfreie Gemeinde,12061,12061112,203180.4,39986.0,29327.7179,1177590.0,0.0,299,2504.19,146,161.12,1,90.88,2504.19,2756.19,6.26
Golßen,Stadt,12061,12061164,360164.1,71456.8,55381.5735,43815820.0,1828738.7,163,5787.78,56,64.0,2,4509.64,5787.78,10361.42,8.1
Groß Köris,Gemeinde,12061,12061192,183307.3,36082.8,26551.0653,37722990.0,0.0,202,3169.23,89,101.41,4,26067.76,3169.23,29338.4,8.78
Halbe,Gemeinde,12061,12061216,308388.5,61113.2,46873.158,41213320.0,21509.1,178,4274.82,72,78.6,0,0.0,4274.82,4353.42,6.99
Heidesee,Amtsfreie Gemeinde,12061,12061217,587152.6,115828.8,85906.7144,56996180.0,623472.5,567,8361.49,290,324.05,1,15.12,8361.49,8700.66,7.22
Heideblick,Amtsfreie Gemeinde,12061,12061219,496416.1,98128.0,73820.3234,89380800.0,355685.6,237,9649.44,72,84.11,11,80843.05,9649.44,90576.6,9.83
Jamlitz,Gemeinde,12061,12061224,62609.9,12367.6,9268.2307,22254660.0,286085.7,38,538.28,12,9.76,1,30.0,538.28,578.04,4.35
Kasel-Golzig,Gemeinde,12061,12061244,102413.4,20285.2,15192.6194,19981240.0,998825.3,47,2052.27,12,17.31,6,122814.23,2052.27,124883.81,10.12
Königs Wusterhausen,Amtsfreie Stadt,12061,12061260,1756745.4,347158.4,265879.7058,54318960.0,380434.2,2068,29665.98,875,1054.73,4,3544.34,29665.98,34265.05,8.55
Krausnick-Groß Wasserburg,Gemeinde,12061,12061265,84208.7,16682,12435.0046,14018820.0,13520.0,53,796.79,19,23.72,0,0.0,796.79,820.51,4.78
Lieberose,Stadt,12061,12061308,164117.0,32463.6,24036.0274,45472430.0,434301.2,148,2554.55,34,43.18,1,9.66,2554.55,2607.39,7.87
Lübben (Spreewald),Amtsfreie Stadt,12061,12061316,954797.0,188903.2,143877.6882,75873390.0,885311.5,748,18028.67,202,231.71,10,27883.82,18028.67,46144.2,9.54
Luckau,Amtsfreie Stadt,12061,12061320,1067890.1,211310,162974.4396,138691260.0,2728081.7,529,15148.2,202,258.94,22,66749.49,15148.2,82156.63,7.17
Märkisch Buchholz,Stadt,12061,12061328,68554,13519.2,10025.2802,5191740.0,0.0,63,850.73,30,38.52,0,0.0,850.73,889.25,6.29
Märkische Heide,Amtsfreie Gemeinde,12061,12061329,652729.1,129294.8,96396.7335,110807060.0,4130972.2,391,12983.93,92,106.24,4,3774.57,12983.93,16864.74,10.04
Mittenwalde,Amtsfreie Stadt,12061,12061332,911945.3,180932.4,142132.7,83374920.0,1189746.8,674,11415.6,274,306.76,6,15304.98,11415.6,27027.34,6.31
Münchehofe,Gemeinde,12061,12061344,68200.1,13512.8,10095.5296,34367680.0,0.3,48,1961.4,21,25.22,0,0.0,1961.4,1986.62,14.52
Neu Zauche,Gemeinde,12061,12061352,131796.5,26042.8,19278.966,20893230.0,307733.6,109,2504.56,24,32.96,0,0.0,2504.56,2537.52,9.62
Rietzneuendorf-Staakow,Gemeinde,12061,12061405,74104.6,14639.2,11113.0012,21747520.0,384598.4,38,1174.55,23,29.91,2,5520.96,1174.55,6725.42,8.02
Schlepzig,Gemeinde,12061,12061428,85172.6,16843.6,12310.5525,13157820.0,30157.3,48,2748.23,11,13.48,0,0.0,2748.23,2761.71,16.32
Schönefeld,Amtsfreie Gemeinde,12061,12061433,1279977.0,254590.4,209387.8717,60521780.0,2661888.1,677,10699.08,281,341.22,6,8301.52,10699.08,19341.82,4.2
Schönwald,Gemeinde,12061,12061435,128991.9,25500.8,18942.7306,26829220.0,890230.5,130,4288.16,43,53.89,0,0.0,4288.16,4342.05,16.82
Schulzendorf,Amtsfreie Gemeinde,12061,12061444,368609.5,72395.6,55025.9983,3800360.0,75131.8,721,6019.25,321,374.41,0,0.0,6019.25,6393.66,8.31
Schwerin,Gemeinde,12061,12061448,64322.3,12648.8,9350.0134,3866140.0,209.1,77,751.3,34,49.92,0,0.0,751.3,801.22,5.94
Schwielochsee,Gemeinde,12061,12061450,249797.7,49278.4,36215.7056,81009170.0,729267.0,199,5500.39,81,90.37,0,0.0,5500.39,5590.76,11.16
Spreewaldheide,Gemeinde,12061,12061470,63579.9,12576.8,9178.9101,23008200.0,393360.7,38,415.61,12,13.58,1,12.04,415.61,441.23,3.3
Steinreich,Gemeinde,12061,12061471,80530.0,15966.4,11894.8269,16211500.0,948925.4,56,1553.18,9,9.6,0,0.0,1553.18,1562.78,9.73
Straupitz (Spreewald),Gemeinde,12061,12061476,100694.9,19901.6,15168.9827,16067350.0,129994.9,77,1054.7,17,18.85,0,0.0,1054.7,1073.55,5.3
Teupitz,Stadt,12061,12061492,144679.5,28519.2,20993.3601,15484690.0,6979.1,106,994.62,52,55.16,0,0.0,994.62,1049.78,3.49
Unterspreewald,Gemeinde,12061,12061510,112679.4,22275.2,16097.292,17321500.0,109646.8,71,1389.4,29,33.67,0,0.0,1389.4,1423.07,6.24
Wildau,Amtsfreie Stadt,12061,12061540,543195.5,107892.8,85172.5489,6585370.0,140346.3,407,5528.14,195,212.95,0,0.0,5528.14,5741.09,5.12
Zeuthen,Amtsfreie Gemeinde,12061,12061572,439581.7,86575.6,63869.0552,4726410.0,32770.6,765,6961.49,311,378.12,0,0.0,6961.49,7339.61,8.04
Bad Liebenwerda,Amtsfreie Stadt,12062,12062024,954736.6,189015.2,145889.8061,108126580.0,2312073.5,746,15206.09,167,193.2,12,50739.79,15206.09,66139.08,8.04
Crinitz,Gemeinde,12062,12062088,138664.5,27377.2,21031.3047,12025440.0,22390.9,108,1222.21,24,31.6,1,4120.56,1222.21,5374.37,4.46
Doberlug-Kirchhain,Amtsfreie Stadt,12062,12062092,1019767.2,201834,153305.1914,95132500.0,3051833.5,547,21479.75,200,227.51,8,6780.1,21479.75,28487.36,10.64
Elsterwerda,Amtsfreie Stadt,12062,12062124,690552.0,136772.0,107240.2455,33035090.0,122321.9,530,9742.86,147,166.15,18,16579.38,9742.86,26488.39,7.12
Falkenberg/Elster,Amtsfreie Stadt,12062,12062128,676276.5,133822.0,102843.5766,59177670.0,1108243.7,583,14672.44,130,150.91,35,70668.37,14672.44,85491.72,10.96
Fichtwald,Gemeinde,12062,12062134,117428.2,23249.2,17044.0702,16656220.0,407679.8,65,5276.29,9,15.09,2,999.21,5276.29,6290.59,22.69
Finsterwalde,Amtsfreie Stadt,12062,12062140,940599.6,186132.4,143641.8851,29798280.0,493099.7,651,13463.86,248,286.53,80,120235.67,13463.86,133986.06,7.23
Gorden-Staupitz,Gemeinde,12062,12062177,110047.0,21711.6,16405.6406,16300820.0,0.0,82,743.93,46,58.65,0,0.0,743.93,802.58,3.43
Gröden,Gemeinde,12062,12062196,167870.0,33229.2,25225.7073,16595370.0,316718.9,113,1589.77,34,39.82,2,3669.28,1589.77,5298.87,4.78
Großthiemig,Gemeinde,12062,12062208,107489.3,21276.8,16614.5065,17972450.0,539771.9,86,3362.99,20,22.43,0,0.0,3362.99,3385.42,15.81
Heideland,Gemeinde,12062,12062219,83136.6,16457.2,12338.6397,14802960.0,198919.1,32,736.31,15,19.86,0,0.0,736.31,756.17,4.47
Herzberg (Elster),Amtsfreie Stadt,12062,12062224,952197.8,188754.0,144689.7094,116435620.0,1491753.4,609,20824.71,150,174.07,15,18172.81,20824.71,39171.59,11.03
Hirschfeld,Gemeinde,12062,12062232,133665.1,26464.4,20412.2954,17711960.0,382643.7,131,2842.22,21,26.81,0,0.0,2842.22,2869.03,10.74
Hohenbucko,Gemeinde,12062,12062237,93831.6,18563.2,13976.4102,10972420.0,402397.7,69,2901.76,12,15.52,0,0.0,2901.76,2917.28,15.63
Hohenleipisch,Gemeinde,12062,12062240,173694.6,34282.8,25983.8171,26084800.0,7448.9,158,1305.49,63,80.65,0,0.0,1305.49,1386.14,3.81
Kremitzaue,Gemeinde,12062,12062282,135532.7,26865.2,20041.4198,16598970.0,799494.6,74,1535.64,25,23.96,0,0.0,1535.64,1559.6,5.72
Lebusa,Gemeinde,12062,12062289,105438.5,20861.2,15592.7483,10837450.0,60243.0,66,2248.62,18,27.8,0,0.0,2248.62,2276.42,10.78
Lichterfeld-Schacksdorf,Gemeinde,12062,12062293,156271.5,31009.6,23532.2638,17204400.0,546910.8,90,2076.55,30,34.35,2,1350.47,2076.55,3461.37,6.7
Massen-Niederlausitz,Gemeinde,12062,12062333,400166.5,79458.0,62473.354,33237670.0,969701.1,168,6362.7,63,72.37,4,2876.13,6362.7,9311.2,8.01
Merzdorf,Gemeinde,12062,12062336,73025.5,14430.4,10723.8952,7032950.0,84091.8,61,614.55,20,20.32,0,0.0,614.55,634.87,4.26
Mühlberg/Elbe,Amtsfreie Stadt,12062,12062341,489966.7,97046.4,73940.1517,68968720.0,616968.2,258,6058.67,111,135.25,3,4595.68,6058.67,10789.6,6.24
Plessa,Gemeinde,12062,12062372,313037.1,61918.4,46472.938,38012850.0,189715.3,204,3723.97,65,71.28,3,7658.01,3723.97,11453.26,6.01
Röderland,Amtsfreie Gemeinde,12062,12062410,376065.8,74324.0,57116.7756,39623150.0,970038.2,326,5500.81,110,140.59,3,20999.05,5500.81,26640.45,7.4
Rückersdorf,Gemeinde,12062,12062417,172766.4,34189.6,26013.7749,16833050.0,38127.3,91,1852.33,37,44.17,5,6319.72,1852.33,8216.22,5.42
Sallgast,Gemeinde,12062,12062425,173413.8,34259.2,25751.7183,23247170.0,910549.8,147,1538.51,33,38.09,1,36015.0,1538.51,37591.6,4.49
Schilda,Gemeinde,12062,12062440,54199.2,10697.2,7981.4115,4750780.0,63185.2,36,408.22,32,37.06,0,0.0,408.22,445.28,3.82
Schlieben,Stadt,12062,12062445,330558.1,65505.2,48557.5637,45123920.0,1309480.8,167,4600.39,50,60.98,7,32834.35,4600.39,37495.72,7.02
Schönborn,Gemeinde,12062,12062453,191335.2,37804.4,28831.5486,22739130.0,21237.7,103,1990.8,38,44.98,0,0.0,1990.8,2035.78,5.27
Schönewalde,Amtsfreie Stadt,12062,12062461,602214.3,119438.4,89485.7937,100829760.0,5273191.7,357,11950.37,64,78.28,6,10779.66,11950.37,22808.31,10.01
Schraden,Gemeinde,12062,12062464,67643.9,13376.4,9967.2062,12621090.0,421637.3,54,2209.01,12,12.12,0,0.0,2209.01,2221.13,16.51
Sonnewalde,Amtsfreie Stadt,12062,12062469,557193.5,110407.2,83174.4246,75567730.0,3188737.3,273,9927.97,62,80.29,4,3828.9,9927.97,13837.16,8.99
Tröbitz,Gemeinde,12062,12062492,67184.2,13319.6,10506.1917,4050860.0,53174.7,43,823.11,18,21.07,2,1142.76,823.11,1986.94,6.18
Uebigau-Wahrenbrück,Amtsfreie Stadt,12062,12062500,688096.3,136178.0,104407.3428,99414550.0,1616585.9,515,15684.88,129,146.51,2,2951.5,15684.88,18782.89,11.52
Brieselang,Amtsfreie Gemeinde,12063,12063036,644515.4,127306,98415.4942,31776050.0,393967.8,1127,12634.02,528,609.27,1,816.0,12634.02,14059.29,9.92
Dallgow-Döberitz,Amtsfreie Gemeinde,12063,12063056,435586.9,86192.8,65705.0158,59783570.0,191932.7,817,9103.61,283,319.85,6,10571.67,9103.61,19995.13,10.56
Falkensee,Amtsfreie Stadt,12063,12063080,1515317.9,299002.0,225665.1876,19306490.0,58788.4,2743,32450.64,1259,1467.52,3,22903.74,32450.64,56821.9,10.85
Friesack,Stadt,12063,12063088,251615.5,49874.4,37543.3685,54099200.0,0.0,137,7918.54,62,72.22,3,4932.12,7918.54,12922.88,15.88
Gollenberg,Gemeinde,12063,12063094,66936.5,13297.2,10216.1233,19903680.0,0.0,38,1203.75,7,11.6,0,0.0,1203.75,1215.35,9.05
Großderschau,Gemeinde,12063,12063112,72007.0,14283.6,10637.4828,18934820.0,0.0,40,672.67,9,10.66,0,0.0,672.67,683.33,4.71
Havelaue,Gemeinde,12063,12063134,155331.1,30820,23310.8966,58302340.0,0.0,105,3035.3,13,14.6,0,0.0,3035.3,3049.9,9.85
Wiesenaue,Gemeinde,12063,12063142,90273.0,17886.0,13407.0144,36828830.0,1405.5,65,1117.1,31,42.83,0,0.0,1117.1,1159.93,6.25
Ketzin/Havel,Amtsfreie Stadt,12063,12063148,564931.2,111903.6,85507.669,72971740.0,2292513.5,380,6824.14,174,207.52,2,88954.58,6824.14,95986.24,6.1
Kleßen-Görne,Gemeinde,12063,12063161,58338.1,11567.2,8653.3738,26017130.0,0.0,34,303.5,8,11.61,0,0.0,303.5,315.11,2.62
Kotzen,Gemeinde,12063,12063165,73738.8,14625.2,11184.2605,28740510.0,0.0,52,2220.11,15,17.61,3,8829.03,2220.11,11066.75,15.18
Märkisch Luch,Gemeinde,12063,12063186,153348.7,30379.2,22926.9033,47869720.0,13781.8,84,1943.26,40,48.68,1,29.0,1943.26,2020.94,6.4
Milower Land,Amtsfreie Gemeinde,12063,12063189,500455.5,99098.8,75074.8903,101992000.0,209391.4,344,7333.37,120,133.22,13,114215.12,7333.37,121681.71,7.4
Mühlenberge,Gemeinde,12063,12063202,96920.1,19230.4,14643.2941,27402420.0,425.5,71,3953.8,24,22.93,0,0.0,3953.8,3976.73,20.56
Nauen,Amtsfreie Stadt,12063,12063208,1371028.5,271796.8,210584.4708,212384480.0,2680859.0,820,25871.84,386,429.55,19,249813.93,25871.84,276115.32,9.52
Nennhausen,Gemeinde,12063,12063212,230498.0,45688.8,34768.483,61873940.0,5718.2,138,5307.24,53,63.94,0,0.0,5307.24,5371.18,11.62
Paulinenaue,Gemeinde,12063,12063228,125905.4,24947.6,19231.3435,27296480.0,10987.3,87,4555.75,38,39.13,0,0.0,4555.75,4594.88,18.26
Pessin,Gemeinde,12063,12063240,73783.5,14616.0,11061.3322,15854240.0,4459.1,45,726.07,24,27.74,0,0.0,726.07,753.81,4.97
Premnitz,Amtsfreie Stadt,12063,12063244,547139.4,108422.4,84645.0785,22133190.0,36661.8,317,5437.61,199,213.77,1,749.01,5437.61,6400.39,5.02
Rathenow,Amtsfreie Stadt,12063,12063252,1382820.8,273860.4,214295.9463,72992970.0,5599.1,903,15686.7,531,583.02,7,13046.93,15686.7,29316.65,5.73
Retzow,Gemeinde,12063,12063256,60178.9,11944.4,9254.1795,12012890.0,2266.4,27,1419.83,16,23.85,0,0.0,1419.83,1443.68,11.89
Rhinow,Stadt,12063,12063260,162672.4,32240.8,24986.5889,21478790.0,0.0,99,2969.07,19,29.14,0,0.0,2969.07,2998.21,9.21
Schönwalde-Glien,Amtsfreie Gemeinde,12063,12063273,525246.9,103932.8,77838.1998,53113910.0,167299.6,807,11686.17,296,339.54,0,0.0,11686.17,12025.71,11.24
Seeblick,Gemeinde,12063,12063274,119694.3,23758.0,18049.9679,31666670.0,0.0,114,4339.94,28,32.36,0,0.0,4339.94,4372.3,18.27
Stechow-Ferchesar,Gemeinde,12063,12063293,83964.0,16574.0,12597.4707,18456840.0,0.0,81,1528.12,35,36.42,0,0.0,1528.12,1564.54,9.22
Wustermark,Amtsfreie Gemeinde,12063,12063357,817897.5,162449.6,128816.3825,46806230.0,1080123.4,594,10781.47,288,330.97,5,19071.82,10781.47,30184.26,6.64
Alt Tucheband,Gemeinde,12064,12064009,87522.9,17336.4,12825.9721,27748560.0,20891.0,64,2273.57,22,28.08,0,0.0,2273.57,2301.65,13.11
Altlandsberg,Amtsfreie Stadt,12064,12064029,670371.7,132475.2,102628.9606,64523060.0,2655112.6,746,10214.46,343,425.5,1,2352.26,10214.46,12992.22,7.71
Bad Freienwalde (Oder),Amtsfreie Stadt,12064,12064044,944136.6,186755.2,143538.7264,70467970.0,84797.3,458,15380.58,156,188.46,5,2982.23,15380.58,18551.27,8.24
Beiersdorf-Freudenberg,Gemeinde,12064,12064053,78382.6,15538.4,11775.5641,17538570.0,679648.7,41,2544.59,8,9.62,0,0.0,2544.59,2554.21,16.38
Bleyen-Genschmar,Gemeinde,12064,12064057,70492.6,13952.4,10562.724,25368920.0,0.0,32,3578.87,8,9.56,1,748.44,3578.87,4336.87,25.65
Bliesdorf,Gemeinde,12064,12064061,136660.0,27085.6,20894.7443,29247780.0,787338.3,74,1933.41,20,22.31,18,46633.82,1933.41,48589.54,7.14
Buckow (Märkische Schweiz),Stadt,12064,12064084,100437.0,19816.4,14476.8645,5231790.0,0.0,85,1091.86,28,32.86,0,0.0,1091.86,1124.72,5.51
Falkenberg,Gemeinde,12064,12064125,206681.0,40845.6,30811.96,35290570.0,852892.0,120,2690.03,42,50.85,0,0.0,2690.03,2740.88,6.59
Falkenhagen (Mark),Gemeinde,12064,12064128,104820.6,20782.0,15557.9708,16008680.0,777402.4,38,1412.78,17,14.99,4,73445.66,1412.78,74873.43,6.8
Fichtenhöhe,Gemeinde,12064,12064130,61863.5,12244.4,9343.361,21532500.0,965239.2,44,2161.98,18,22.36,1,719.28,2161.98,2903.62,17.66
Fredersdorf-Vogelsdorf,Amtsfreie Gemeinde,12064,12064136,795814.9,156856.0,121374.4117,9384590.0,152131.0,1248,10990.0,516,595.71,0,0.0,10990.0,11585.71,7.01
Garzau-Garzin,Gemeinde,12064,12064153,62695.6,12418.4,9315.2276,19115840.0,106964.2,52,1337.72,17,15.45,3,14681.66,1337.72,16034.83,10.77
Golzow,Gemeinde,12064,12064172,114890.5,22821.6,17273.5343,16111070.0,304789.9,53,4979.57,27,23.57,2,1607.44,4979.57,6610.58,21.82
Gusow-Platkow,Gemeinde,12064,12064190,158510.8,31379.2,23465.2657,30329770.0,426042.1,54,3061.62,41,52.97,8,33017.13,3061.62,36131.72,9.76
Heckelberg-Brunow,Gemeinde,12064,12064205,88121.2,17474.0,13266.4573,23488370.0,1074028.1,68,2595.37,14,17.75,0,0.0,2595.37,2613.12,14.85
Höhenland,Gemeinde,12064,12064222,120448.8,23814.8,18327.431,30548330.0,1371419.1,93,2984.09,24,26.71,0,0.0,2984.09,3010.8,12.53
Hoppegarten,Amtsfreie Gemeinde,12064,12064227,997994.7,197785.2,156226.6387,17490750.0,250034.4,1181,11654.84,443,506.84,0,0.0,11654.84,12161.68,5.89
Küstriner Vorland,Gemeinde,12064,12064266,325389.7,64481.6,49213.2618,40086640.0,177421.4,190,4784.44,71,74.64,3,44917.0,4784.44,49776.08,7.42
Lebus,Stadt,12064,12064268,272827.5,53950.8,41195.8307,46362280.0,1671731.9,250,7221.74,123,142.1,0,0.0,7221.74,7363.84,13.39
Letschin,Amtsfreie Gemeinde,12064,12064274,655369.5,129949.2,98212.6698,129412830.0,417603.1,275,15789.8,98,118.12,3,67641.8,15789.8,83549.72,12.15
Lietzen,Gemeinde,12064,12064288,72321.0,14346.4,11017.0878,17172430.0,890007.0,35,2601.85,8,10.68,0,0.0,2601.85,2612.53,18.14
Lindendorf,Gemeinde,12064,12064290,159058.4,31488.8,24328.3146,37321190.0,809876.8,98,5711.24,56,74.74,2,17019.63,5711.24,22805.61,18.14
Märkische Höhe,Gemeinde,12064,12064303,89746.3,17799.2,13448.5676,22613180.0,697329.9,55,2721.12,18,24.91,0,0.0,2721.12,2746.03,15.29
Müncheberg,Amtsfreie Stadt,12064,12064317,629004.4,124624.8,94721.8173,87976380.0,2543516.6,438,15596.43,160,186.69,2,20616.12,15596.43,36399.24,12.51
Neuenhagen bei Berlin,Amtsfreie Gemeinde,12064,12064336,878573.8,173238.4,132463.2099,10871870.0,263894.1,1385,11918.24,691,821.47,4,7989.28,11918.24,20728.99,6.88
Neuhardenberg,Gemeinde,12064,12064340,281545.3,55790.4,42215.7422,53006120.0,1154648.7,118,8075.66,40,43.98,14,300939.14,8075.66,309058.78,14.47
Neulewin,Gemeinde,12064,12064349,146352.3,28970.0,21947.2568,37594920.0,0.0,77,3320.58,16,23.05,1,505.51,3320.58,3849.14,11.46
Neutrebbin,Gemeinde,12064,12064365,205265.1,40631.2,31608.7039,33973350.0,306932.6,102,5178.22,19,19.88,2,209001.78,5178.22,214199.88,12.74
Oberbarnim,Gemeinde,12064,12064370,164323.8,32506.8,24337.5003,35089900.0,1029564.4,171,3862.86,64,73.76,2,61151.15,3862.86,65087.77,11.88
Oderaue,Gemeinde,12064,12064371,288654.4,57188.4,43522.4472,60579150.0,345.5,163,10434.26,38,51.03,1,1700.06,10434.26,12185.35,18.25
Petershagen/Eggersdorf,Amtsfreie Gemeinde,12064,12064380,713056.4,140354.8,104542.7412,7567160.0,36564.2,1157,10211.62,523,635.6,1,2.5,10211.62,10849.72,7.28
Podelzig,Gemeinde,12064,12064388,88360.9,17447.2,13253.2981,21590110.0,667052.0,72,1767.24,36,45.5,0,0.0,1767.24,1812.74,10.13
Prötzel,Gemeinde,12064,12064393,143190.7,28361.6,21295.0721,41782280.0,1011020.2,80,3143.86,22,21.54,3,10445.36,3143.86,13610.76,11.08
Rehfelde,Gemeinde,12064,12064408,373576.9,73811.2,54864.0629,37315610.0,1150316.7,444,5905.73,206,249.36,1,675.62,5905.73,6830.71,8.0
Reichenow-Möglin,Gemeinde,12064,12064417,69856.7,13831.2,10566.3441,19419740.0,1250476.8,54,1542.26,13,13.44,5,15305.58,1542.26,16861.28,11.15
Reitwein,Gemeinde,12064,12064420,50053.8,9889.2,7484.1899,19245090.0,15857.0,39,2254.75,26,25.87,0,0.0,2254.75,2280.62,22.8
Rüdersdorf bei Berlin,Amtsfreie Gemeinde,12064,12064428,1037870.4,205746.4,160070.5881,36996020.0,1308531.8,643,13560.21,376,440.11,8,14516.96,13560.21,28517.28,6.59
Seelow,Amtsfreie Stadt,12064,12064448,416137.7,82456.4,64025.0023,38500100.0,898687.2,257,10687.14,94,117.54,5,15954.72,10687.14,26759.4,12.96
Strausberg,Amtsfreie Stadt,12064,12064472,1077812.4,213620.8,166421.7768,35375430.0,692848.8,815,10406.1,381,431.88,0,0.0,10406.1,10837.98,4.87
Treplin,Gemeinde,12064,12064480,38336.7,7588.4,5618.5492,5761710.0,213321.1,44,532.54,13,15.71,0,0.0,532.54,548.25,7.02
Vierlinden,Gemeinde,12064,12064482,210332.3,41717.6,31388.7528,51402540.0,2232882.0,125,3827.52,49,60.72,5,114674.12,3827.52,118562.36,9.17
Waldsieversdorf,Gemeinde,12064,12064484,69886.7,13837.2,10394.4175,5510970.0,0.0,46,451.2,19,27.22,0,0.0,451.2,478.42,3.26
Wriezen,Amtsfreie Stadt,12064,12064512,634148.4,125588.8,97617.0661,72517820.0,2135801.1,362,19849.45,95,122.0,18,59763.89,19849.45,79735.34,15.81
Zechin,Gemeinde,12064,12064538,86432.4,17075.6,13029.1727,25946370.0,7314.5,56,2343.01,21,24.27,0,0.0,2343.01,2367.28,13.72
Zeschdorf,Gemeinde,12064,12064539,127237.7,25162,19113.5121,25904370.0,1447492.2,110,1882.28,43,55.45,5,69867.27,1882.28,71805.0,7.48
Birkenwerder,Amtsfreie Gemeinde,12065,12065036,334057.7,65884.0,49058.6211,6582000.0,6137.3,567,4916.93,276,328.5,1,9.6,4916.93,5255.03,7.46
Fürstenberg/Havel,Amtsfreie Stadt,12065,12065084,524031.1,103509.6,76213.8394,91251620.0,12663.6,287,4876.21,168,206.82,2,3197.7,4876.21,8280.73,4.71
Glienicke/Nordbahn,Amtsfreie Gemeinde,12065,12065096,289992.8,57166.8,41907.3437,292490.0,0.0,490,4191.86,241,259.71,0,0.0,4191.86,4451.57,7.33
Gransee,Stadt,12065,12065100,577649.3,114478.4,86576.2337,89916370.0,2124918.9,254,14931.01,144,179.43,1,3228.9,14931.01,18339.34,13.04
Großwoltersdorf,Gemeinde,12065,12065117,113914.0,22571.6,16641.0154,27984530.0,335.5,55,2155.2,26,29.28,1,5479.65,2155.2,7664.13,9.55
Hennigsdorf,Amtsfreie Stadt,12065,12065136,1095268.7,217637.6,172129.6107,14069240.0,21273.6,565,8256.46,317,347.97,0,0.0,8256.46,8604.43,3.79
Hohen Neuendorf,Amtsfreie Stadt,12065,12065144,935324.3,184344.4,136683.7271,30831840.0,109142.6,1726,16465.7,688,776.4,0,0.0,16465.7,17242.1,8.93
Kremmen,Amtsfreie Stadt,12065,12065165,691856.1,137022.4,104479.9229,150450420.0,2826190.8,499,8716.31,202,231.51,4,9104.6,8716.31,18052.42,6.36
Leegebruch,Amtsfreie Gemeinde,12065,12065180,310379.2,61100.0,45892.8874,4077630.0,90177.8,407,3330.8,272,311.82,0,0.0,3330.8,3642.62,5.45
Liebenwalde,Amtsfreie Stadt,12065,12065193,461144.5,91369.2,68164.5253,93476320.0,130763.6,222,11094.26,102,113.74,1,99.75,11094.26,11307.75,12.14
Löwenberger Land,Amtsfreie Gemeinde,12065,12065198,837009.4,165678.0,123832.7425,164077010.0,2062514.1,619,14260.66,274,318.85,5,76293.3,14260.66,90872.81,8.61
Mühlenbecker Land,Amtsfreie Gemeinde,12065,12065225,683489.5,134761.6,100220.2527,27474140.0,40021.8,1145,12193.06,454,533.33,2,3580.97,12193.06,16307.36,9.05
Oberkrämer,Amtsfreie Gemeinde,12065,12065251,921857.0,182552.8,140915.9498,63730660.0,1560933.0,1080,21627.17,398,464.34,2,5095.02,21627.17,27186.53,11.85
Oranienburg,Amtsfreie Stadt,12065,12065256,2447302.2,484263.6,372748.3151,86617920.0,1192384.6,2015,31215.25,1167,1390.04,6,43979.42,31215.25,76584.71,6.45
Schönermark,Gemeinde,12065,12065276,46346.9,9192.4,6868.2059,9353310.0,450381.2,25,1287.13,6,4.91,1,750.0,1287.13,2042.04,14.0
Sonnenberg,Gemeinde,12065,12065301,120973.1,23964.8,17812.4336,41466740.0,1491538.9,51,1527.57,19,21.72,0,0.0,1527.57,1549.29,6.37
Stechlin,Gemeinde,12065,12065310,115425.8,22819.2,16791.7438,16047890.0,0.0,62,1338.54,47,54.22,0,0.0,1338.54,1392.76,5.87
Velten,Amtsfreie Stadt,12065,12065332,698177.9,138571.6,108356.7798,17913790.0,245307.5,408,7505.67,214,243.93,0,0.0,7505.67,7749.6,5.42
Zehdenick,Amtsfreie Stadt,12065,12065356,1177078.5,233068.4,176726.2806,158602000.0,2891977.5,559,17770.45,292,369.93,7,51884.46,17770.45,70024.84,7.62
Altdöbern,Gemeinde,12066,12066008,190558.1,37624.0,28223.5048,19270600.0,119014.2,170,2358.79,35,41.82,2,9999.96,2358.79,12400.57,6.27
Bronkow,Gemeinde,12066,12066041,113821.1,22535.6,16962.2257,26979350.0,1050243.8,69,3977.34,19,22.55,0,0.0,3977.34,3999.89,17.65
Calau,Amtsfreie Stadt,12066,12066052,704667.6,139212.0,106334.345,85958050.0,1435728.8,550,13546.11,179,195.75,5,37778.24,13546.11,51520.1,9.73
Frauendorf,Gemeinde,12066,12066064,67489.8,13317.6,10436.6983,6877980.0,0.0,50,1243.68,25,26.32,8,14681.98,1243.68,15951.98,9.34
Großkmehlen,Gemeinde,12066,12066104,124429.1,24597.6,18561.3269,11209020.0,16.4,88,1549.93,26,33.39,0,0.0,1549.93,1583.32,6.3
Großräschen,Amtsfreie Stadt,12066,12066112,704514.3,139416.4,108567.3077,45437640.0,1721162.5,490,12435.25,152,171.12,20,34242.69,12435.25,46849.06,8.92
Grünewald,Gemeinde,12066,12066116,47867.1,9437.6,7040.1413,6574340.0,0.0,31,298.25,21,28.64,0,0.0,298.25,326.89,3.16
Guteborn,Gemeinde,12066,12066120,49183.4,9697.2,7385.9657,3519870.0,0.0,43,409.79,15,18.97,0,0.0,409.79,428.76,4.23
Hermsdorf,Gemeinde,12066,12066124,82218.3,16231.2,12207.8501,9093740.0,0.0,53,2643.73,14,17.95,0,0.0,2643.73,2661.68,16.29
Hohenbocka,Gemeinde,12066,12066132,76079.4,14964.8,11432.335,6853570.0,527.3,75,1063.36,33,40.19,0,0.0,1063.36,1103.55,7.11
Kroppen,Gemeinde,12066,12066168,61828.4,12208,9033.3121,8562620.0,0.0,50,469.16,23,30.56,0,0.0,469.16,499.72,3.84
Lauchhammer,Amtsfreie Stadt,12066,12066176,1159655.7,228963.6,176752.0585,30420280.0,170105.4,760,14086.0,397,455.87,6,7200.02,14086.0,21741.89,6.15
Lindenau,Gemeinde,12066,12066188,61230.5,12075.2,9077.3239,7637030.0,0.0,67,1127.54,23,30.82,1,2727.34,1127.54,3885.7,9.34
Lübbenau/Spreewald,Amtsfreie Stadt,12066,12066196,1108513.9,219420.0,172076.41,87900480.0,1529860.5,707,16468.63,271,323.83,2,120.14,16468.63,16912.6,7.51
Luckaitztal,Gemeinde,12066,12066202,125295.3,24761.6,18861.7972,24313290.0,244450.0,85,2117.08,19,20.74,2,12785.9,2117.08,14923.72,8.55
Neu-Seeland,Gemeinde,12066,12066226,95203.6,18832.8,13722.9261,21872500.0,951864.3,56,2117.4,17,21.24,7,35953.78,2117.4,38092.42,11.24
Neupetershain,Gemeinde,12066,12066228,101229.6,19962.8,15010.4969,9553750.0,347965.2,69,628.12,41,52.65,4,33205.72,628.12,33886.49,3.15
Ortrand,Stadt,12066,12066240,182955.8,36162.8,28037.8401,6307020.0,0.0,135,1878.4,38,46.81,0,0.0,1878.4,1925.21,5.19
Ruhland,Stadt,12066,12066272,270949.7,53443.2,40491.8945,21954280.0,0.0,245,2806.02,99,113.48,3,5199.72,2806.02,8119.22,5.25
Schipkau,Amtsfreie Gemeinde,12066,12066285,483626.8,95479.6,72558.911,24044310.0,712982.6,269,3426.79,198,235.97,15,231330.4,3426.79,234993.16,3.59
Schwarzbach,Gemeinde,12066,12066292,65807.2,12998.8,9767.7641,10562600.0,1540.0,51,429.23,19,16.14,0,0.0,429.23,445.37,3.3
Schwarzheide,Amtsfreie Stadt,12066,12066296,509728.4,101020.8,78865.2555,18578840.0,106315.5,322,7240.28,135,148.95,3,43639.51,7240.28,51028.74,7.17
Senftenberg,Amtsfreie Stadt,12066,12066304,1320144.2,261120.8,203369.0988,53213420.0,981837.8,847,14028.33,340,369.12,20,155123.87,14028.33,169521.32,5.37
Tettau,Gemeinde,12066,12066316,78576.1,15526,11702.3023,5546600.0,818.3,59,1721.42,22,26.81,1,1166.9,1721.42,2915.13,11.09
Vetschau/Spreewald,Amtsfreie Stadt,12066,12066320,837913.9,165976.4,128242.6508,74771160.0,1631156.5,584,18624.33,144,154.26,16,31204.39,18624.33,49982.98,11.22
Bad Saarow,Gemeinde,12067,12067024,355161.1,70068.4,51703.8526,17808450.0,3870.9,336,4338.11,129,157.85,3,6117.5,4338.11,10613.46,6.19
Beeskow,Amtsfreie Stadt,12067,12067036,684594.6,135747.6,104388.8786,53557470.0,2368858.7,429,17401.5,165,200.32,8,5340.84,17401.5,22942.66,12.82
Berkenbrück,Gemeinde,12067,12067040,68392.3,13376.8,10197.0565,8463740.0,39390.9,83,714.29,39,45.86,6,1499.52,714.29,2259.67,5.34
Briesen (Mark),Gemeinde,12067,12067072,257951.6,50989.6,38377.1381,60053590.0,1781072.6,191,5374.37,109,132.21,1,913.1,5374.37,6419.68,10.54
Brieskow-Finkenheerd,Gemeinde,12067,12067076,186185.4,36796.0,28214.053,7113320.0,32576.9,191,3767.21,86,98.46,2,143.92,3767.21,4009.59,10.24
Diensdorf-Radlow,Gemeinde,12067,12067112,39741.3,7808.4,5677.927,3998910.0,106.4,43,312.42,11,12.65,0,0.0,312.42,325.07,4.0
Eisenhüttenstadt,Amtsfreie Stadt,12067,12067120,1741580.5,346368.8,276145.9309,34540540.0,347658.0,570,14914.51,322,365.31,4,8178.2,14914.51,23458.02,4.31
Erkner,Amtsfreie Stadt,12067,12067124,442516.3,87515.2,67859.3451,9228400.0,1226.7,477,4804.24,184,218.94,0,0.0,4804.24,5023.18,5.49
Friedland,Amtsfreie Stadt,12067,12067137,484094.8,95958.0,71289.1474,89515500.0,4070832.4,338,11713.1,94,111.45,0,0.0,11713.1,11824.55,12.21
Fürstenwalde/Spree,Amtsfreie Stadt,12067,12067144,1699458.1,336296.0,262432.2089,42945230.0,939134.3,1008,18904.54,581,696.98,17,70163.3,18904.54,89764.82,5.62
Gosen-Neu Zittau,Gemeinde,12067,12067173,231575.8,45784.4,35955.4833,5622010.0,0.0,205,1626.91,91,105.94,0,0.0,1626.91,1732.85,3.55
Groß Lindow,Gemeinde,12067,12067180,103149.7,20290.8,15502.3907,2554210.0,25859.1,108,828.24,57,65.07,0,0.0,828.24,893.31,4.08
Grünheide (Mark),Amtsfreie Gemeinde,12067,12067201,698117.7,138079.6,108013.5331,29925790.0,147603.9,550,30916.7,250,294.11,1,976.43,30916.7,32187.24,22.39
Grunow-Dammendorf,Gemeinde,12067,12067205,56831.8,11254.8,8410.4698,10762830.0,150874.9,53,1002.71,18,25.48,0,0.0,1002.71,1028.19,8.91
Jacobsdorf,Gemeinde,12067,12067237,191618.7,37994.8,29081.1815,39757570.0,1657716.6,146,4892.5,55,65.28,1,4791.15,4892.5,9748.93,12.88
Langewahl,Gemeinde,12067,12067288,53895.3,10569.6,8195.1002,6035820.0,55392.3,44,310.27,43,47.51,0,0.0,310.27,357.78,2.94
Lawitz,Gemeinde,12067,12067292,45933.0,9056.4,6938.6156,3940680.0,101631.7,44,341.04,28,31.68,1,237.6,341.04,610.32,3.77
Mixdorf,Gemeinde,12067,12067324,57544.9,11366.0,8520.5403,7648540.0,257796.4,118,1455.45,50,53.3,4,24163.92,1455.45,25672.67,12.81
Müllrose,Stadt,12067,12067336,287450.6,56825.2,43489.0338,31311390.0,487483.6,322,5443.61,161,188.7,0,0.0,5443.61,5632.31,9.58
Neißemünde,Gemeinde,12067,12067338,208887.3,41364.4,31074.3076,33902140.0,1062514.2,160,3225.38,39,47.69,0,0.0,3225.38,3273.07,7.8
Neuzelle,Gemeinde,12067,12067357,433253.9,85828.4,65178.0184,62272250.0,2127861.7,352,12187.64,149,157.2,0,0.0,12187.64,12344.84,14.2
Ragow-Merz,Gemeinde,12067,12067397,48426.8,9583.6,7259.5397,12225480.0,758154.6,54,572.3,9,8.12,0,0.0,572.3,580.42,5.97
Rauen,Gemeinde,12067,12067408,115504.1,22643.6,16990.8137,9800210.0,219042.4,154,2266.8,83,89.37,0,0.0,2266.8,2356.17,10.01
Reichenwalde,Gemeinde,12067,12067413,123504.1,24329.2,18293.3306,9873230.0,85744.5,128,2334.78,33,39.1,1,6612.5,2334.78,8986.38,9.6
Rietz-Neuendorf,Amtsfreie Gemeinde,12067,12067426,504881.7,99735.6,74385.698,99625340.0,3958861.5,358,11811.75,108,129.63,2,2170.22,11811.75,14111.6,11.84
Schlaubetal,Gemeinde,12067,12067438,143110.1,28311.6,21786.5863,15305920.0,656596.4,174,4797.45,79,96.84,0,0.0,4797.45,4894.29,16.95
Schöneiche bei Berlin,Amtsfreie Gemeinde,12067,12067440,579730.6,114378,85965.2606,7823990.0,360151.3,859,9542.33,381,424.05,1,1341.12,9542.33,11307.5,8.34
Siehdichum,Gemeinde,12067,12067458,111905.1,22115.2,17032.491,11135210.0,115064.5,123,1751.66,80,93.57,0,0.0,1751.66,1845.23,7.92
Spreenhagen,Gemeinde,12067,12067469,372450.3,73691.2,55888.1263,64166290.0,492236.6,272,10199.17,118,144.74,0,0.0,10199.17,10343.91,13.84
Steinhöfel,Gemeinde,12067,12067473,497188.2,98475.2,74784.9063,117697350.0,6691514.9,272,11247.83,125,161.89,7,6678.35,11247.83,18088.07,11.42
Storkow (Mark),Amtsfreie Stadt,12067,12067481,704648.3,139183.2,104692.9946,79839920.0,38690.2,550,14209.41,243,310.77,5,2764.15,14209.41,17284.33,10.21
Tauche,Amtsfreie Gemeinde,12067,12067493,503152.0,99681.2,73774.8801,78228670.0,3631990.4,336,14478.81,110,126.76,2,1935.14,14478.81,16540.71,14.53
Vogelsang,Gemeinde,12067,12067508,59276.8,11688.8,9235.5826,3500730.0,70541.8,40,382.71,45,52.0,0,0.0,382.71,434.71,3.27
Wendisch Rietz,Gemeinde,12067,12067520,103053.8,20242,14853.5487,17712660.0,27951.4,159,1460.8,54,60.01,0,0.0,1460.8,1520.81,7.22
Wiesenau,Gemeinde,12067,12067528,164020.3,32518,24511.9293,22142140.0,62352.7,116,9654.58,42,42.22,0,0.0,9654.58,9696.8,29.69
Woltersdorf,Amtsfreie Gemeinde,12067,12067544,373217.9,73589.6,54652.4309,1021150.0,3369.9,617,6593.02,256,291.75,0,0.0,6593.02,6884.77,8.96
Ziltendorf,Gemeinde,12067,12067552,124440.5,24579.2,18945.6613,24005730.0,4137.3,107,1412.77,37,44.93,0,0.0,1412.77,1457.7,5.75
Breddin,Gemeinde,12068,12068052,128526.5,25483.2,18803.4079,31375760.0,481106.1,61,2229.87,25,32.63,1,5637.6,2229.87,7900.1,8.75
Dabergotz,Gemeinde,12068,12068072,62754.6,12426.0,9361.9718,11839630.0,804051.5,42,2279.51,19,19.43,1,373.7,2279.51,2672.64,18.34
Dreetz,Gemeinde,12068,12068109,164088.9,32526.8,24235.3206,44120270.0,0.0,96,6324.58,35,35.53,2,461.66,6324.58,6821.77,19.44
Fehrbellin,Amtsfreie Gemeinde,12068,12068117,1010342.5,200328.4,153005.6834,238187370.0,3343869.0,559,29919.95,224,272.62,5,4944.66,29919.95,35137.23,14.94
Heiligengrabe,Amtsfreie Gemeinde,12068,12068181,750247.8,149034.4,115661.5213,147359730.0,6840907.6,299,15347.34,112,128.46,31,67598.86,15347.34,83074.66,10.3
Herzberg (Mark),Gemeinde,12068,12068188,68109.5,13491.2,10068.4674,15727770.0,877635.6,55,704.6,18,20.65,3,1421.14,704.6,2146.39,5.22
Kyritz,Amtsfreie Stadt,12068,12068264,806494.6,159834.0,120080.2509,102881270.0,5189014.6,405,18268.86,136,158.33,3,5690.64,18268.86,24117.83,11.43
Lindow (Mark),Stadt,12068,12068280,277823.1,54881.6,40858.9733,36563220.0,1524551.6,157,2718.83,69,79.28,2,26213.81,2718.83,29011.92,4.95
Märkisch Linden,Gemeinde,12068,12068306,207806.3,41284.8,32095.4012,39194190.0,2181770.6,98,4905.06,42,53.54,10,15881.2,4905.06,20839.8,11.88
Neuruppin,Amtsfreie Stadt,12068,12068320,1853628.9,367394.8,283834.923,161735040.0,5051011.9,1153,27410.13,422,466.4,13,23085.47,27410.13,51457.79,7.46
Neustadt (Dosse),Stadt,12068,12068324,362324.0,71832.0,54024.4418,58460300.0,622144.0,226,8252.56,62,72.47,19,96957.33,8252.56,105282.36,11.49
Rheinsberg,Amtsfreie Stadt,12068,12068353,814262.8,161120.4,119899.7272,143499560.0,1222935.5,457,10475.0,245,282.74,5,1251.34,10475.0,12009.08,6.5
Rüthnick,Gemeinde,12068,12068372,50305.0,9951.2,7180.8142,13540670.0,664721.8,44,739.9,16,19.7,0,0.0,739.9,759.6,7.44
Sieversdorf-Hohenofen,Gemeinde,12068,12068409,103966.6,20589.2,15125.1103,17908100.0,0.0,36,2283.51,15,16.51,0,0.0,2283.51,2300.02,11.09
Storbeck-Frankendorf,Gemeinde,12068,12068413,48294.9,9542.4,7244.6588,35640400.0,232463.0,39,397.08,19,25.31,0,0.0,397.08,422.39,4.16
Stüdenitz-Schönermark,Gemeinde,12068,12068417,96919.4,19222,14725.7339,21638970.0,612361.5,57,2680.56,8,7.82,5,90533.42,2680.56,93221.8,13.95
Temnitzquell,Gemeinde,12068,12068425,122212.6,24277.6,17837.7571,36325390.0,1130520.3,44,1459.73,32,33.66,0,0.0,1459.73,1493.39,6.01
Temnitztal,Gemeinde,12068,12068426,164580.5,32580.4,24266.7384,50394370.0,2426327.4,93,1627.26,19,18.3,2,83030.13,1627.26,84675.69,4.99
Vielitzsee,Gemeinde,12068,12068437,63543.1,12581.6,9264.9072,12500190.0,307163.6,35,348.91,8,9.22,0,0.0,348.91,358.13,2.77
Walsleben,Gemeinde,12068,12068452,94428.6,18740,14127.1857,22146330.0,815769.0,53,1606.84,27,32.12,1,3703.68,1606.84,5342.64,8.57
Wittstock/Dosse,Amtsfreie Stadt,12068,12068468,1486165.2,294867.6,226956.7681,287256540.0,9143913.9,609,21716.51,249,277.49,13,68103.02,21716.51,90097.02,7.36
Wusterhausen/Dosse,Amtsfreie Gemeinde,12068,12068477,690686.6,136864.4,102077.4246,151510560.0,5443993.1,376,14460.96,112,136.85,3,7418.52,14460.96,22016.33,10.57
Zernitz-Lohm,Gemeinde,12068,12068501,99822.6,19769.2,14846.0312,32447450.0,188615.2,60,1458.28,16,19.34,2,19499.27,1458.28,20976.89,7.38
Beelitz,Amtsfreie Stadt,12069,12069017,979080.7,193869.2,145383.6852,112826710.0,356642.5,848,15996.01,328,399.75,1,3.0,15996.01,16398.76,8.25
Beetzsee,Gemeinde,12069,12069018,219775.8,43438.0,32988.3029,15623760.0,0.0,317,5569.69,114,146.5,0,0.0,5569.69,5716.19,12.82
Beetzseeheide,Gemeinde,12069,12069019,79019.5,15638.4,11761.0892,26180040.0,0.0,55,949.14,21,24.29,0,0.0,949.14,973.43,6.07
Bad Belzig,Amtsfreie Stadt,12069,12069020,987446.2,195637.2,148225.8493,118742110.0,49289.6,869,24203.14,209,235.62,1,748.0,24203.14,25186.76,12.37
Bensdorf,Gemeinde,12069,12069028,125120.0,24718.4,18751.0243,20406670.0,997102.0,115,1730.82,46,56.09,0,0.0,1730.82,1786.91,7.0
Borkheide,Gemeinde,12069,12069052,119083.9,23556.0,17085.809,1561270.0,181.8,223,2882.89,81,104.7,0,0.0,2882.89,2987.59,12.24
Borkwalde,Gemeinde,12069,12069056,56161.9,11056.8,7723.7112,984370.0,0.0,187,1632.56,74,82.99,0,0.0,1632.56,1715.55,14.77
Brück,Stadt,12069,12069076,533526.5,105882.0,82039.243,65505440.0,866416.1,332,10315.75,103,120.54,1,4181.4,10315.75,14617.69,9.74
Buckautal,Gemeinde,12069,12069089,101189.6,20053.2,14986.0144,27668130.0,111354.1,62,1834.61,9,10.15,4,1501.98,1834.61,3346.74,9.15
Golzow,Gemeinde,12069,12069216,194708.4,38594.0,29359.8925,26679770.0,920866.4,125,4687.4,32,39.31,1,749.55,4687.4,5476.26,12.15
Görzke,Gemeinde,12069,12069224,148457.0,29371.2,22428.3044,42940720.0,0.0,125,3123.74,20,21.65,0,0.0,3123.74,3145.39,10.64
Gräben,Gemeinde,12069,12069232,61146.0,12089.6,9078.0883,11696640.0,0.0,65,1298.67,18,19.6,0,0.0,1298.67,1318.27,10.74
Groß Kreutz (Havel),Amtsfreie Gemeinde,12069,12069249,770385.5,152486.8,115759.5706,76124820.0,1009107.0,683,14355.29,299,341.39,8,29667.4,14355.29,44364.08,9.41
Havelsee,Stadt,12069,12069270,278103.8,54918.0,41388.6916,43850670.0,191142.1,198,2757.84,109,128.13,6,34104.82,2757.84,36990.79,5.02
Kleinmachnow,Amtsfreie Gemeinde,12069,12069304,535168.0,105893.6,78190.15,2956820.0,1704.5,1063,9142.98,283,328.09,0,0.0,9142.98,9471.07,8.63
Kloster Lehnin,Amtsfreie Gemeinde,12069,12069306,1137018.9,224975.6,173341.0601,136693490.0,3569530.7,877,22231.55,302,363.44,13,74257.49,22231.55,96852.48,9.88
Linthe,Gemeinde,12069,12069345,183840.0,36578.0,29181.0911,21633090.0,551116.5,119,7528.46,16,18.14,2,4650.74,7528.46,12197.34,20.58
Michendorf,Amtsfreie Gemeinde,12069,12069397,617209.5,121846.8,90033.2979,39268900.0,4984.5,1004,10520.32,361,430.0,0,0.0,10520.32,10950.32,8.63
Mühlenfließ,Gemeinde,12069,12069402,188403.2,37346.0,28495.2366,39911670.0,830842.2,144,5383.78,9,13.56,0,0.0,5383.78,5397.34,14.42
Niemegk,Stadt,12069,12069448,262204.9,51917.6,39999.7763,27841520.0,135341.7,175,5455.06,46,53.46,2,2015.25,5455.06,7523.77,10.51
Nuthetal,Amtsfreie Gemeinde,12069,12069454,409052.8,80904.0,60448.4574,36816360.0,1043.6,585,5657.32,235,247.59,3,13.0,5657.32,5917.91,6.99
Päwesin,Gemeinde,12069,12069460,63515.8,12581.2,9426.8448,12561220.0,0.0,50,880.76,21,23.98,0,0.0,880.76,904.74,7.0
Planebruch,Gemeinde,12069,12069470,155519.1,30768.0,23408.7071,48992960.0,121783.6,106,1825.49,26,35.59,1,45.9,1825.49,1906.98,5.93
Planetal,Gemeinde,12069,12069474,191148.8,37934.4,28756.8729,32364280.0,228268.8,120,7004.55,18,16.0,0,0.0,7004.55,7020.55,18.46
Rabenstein/Fläming,Gemeinde,12069,12069485,159682.3,31624.8,23392.4309,45297030.0,7.7,100,3080.89,15,15.96,0,0.0,3080.89,3096.85,9.74
Rosenau,Gemeinde,12069,12069537,168104.8,33352.0,24938.2651,36806280.0,501851.3,70,4178.99,30,38.04,0,0.0,4178.99,4217.03,12.53
Roskow,Gemeinde,12069,12069541,148012.3,29343.6,22019.5119,34532370.0,4794.5,92,2806.28,18,22.39,0,0.0,2806.28,2828.67,9.56
Schwielowsee,Amtsfreie Gemeinde,12069,12069590,558850.9,110296.8,82079.8451,24495490.0,134670.0,711,6325.87,298,349.1,1,3.6,6325.87,6678.57,5.74
Seddiner See,Amtsfreie Gemeinde,12069,12069596,240442.0,47658.8,36789.3124,9150260.0,98.2,233,2882.72,88,97.84,0,0.0,2882.72,2980.56,6.05
Stahnsdorf,Amtsfreie Gemeinde,12069,12069604,720913.1,142711.2,108445.9968,33026270.0,820421.5,1295,12627.09,319,367.72,0,0.0,12627.09,12994.81,8.85
Teltow,Amtsfreie Stadt,12069,12069616,959676.7,189853.6,146541.3697,13809130.0,280636.8,1481,15139.3,556,611.39,2,300.0,15139.3,16050.69,7.97
Treuenbrietzen,Amtsfreie Stadt,12069,12069632,841831.4,166702.0,125532.7217,128452450.0,2897546.1,528,10294.27,148,176.78,6,16914.36,10294.27,27385.41,6.18
Wenzlow,Gemeinde,12069,12069648,86709.3,17153.2,12498.829,13925040.0,112603.7,46,1190.48,20,20.47,0,0.0,1190.48,1210.95,6.94
Werder (Havel),Amtsfreie Stadt,12069,12069656,1683769.2,333030.4,257921.4851,75935020.0,1663563.0,1440,15386.76,552,645.8,0,0.0,15386.76,16032.56,4.62
Wiesenburg/Mark,Amtsfreie Gemeinde,12069,12069665,646978.5,128010.8,96718.6979,90362200.0,4445.5,405,11992.77,131,155.89,1,3861.0,11992.77,16009.66,9.37
Wollin,Gemeinde,12069,12069680,106511.5,21098.8,16143.9007,16050820.0,598515.2,108,3147.4,11,11.21,1,736.97,3147.4,3895.58,14.92
Wusterwitz,Gemeinde,12069,12069688,226022.8,44583.6,33692.498,16575980.0,522762.1,192,2455.8,89,112.65,0,0.0,2455.8,2568.45,5.51
Ziesar,Stadt,12069,12069696,342794.7,67940.0,52829.8678,46125980.0,556452.2,130,8440.97,36,39.93,2,1547.9,8440.97,10028.8,12.42
Bad Wilsnack,Stadt,12070,12070008,249778.0,49395.2,37072.8906,44928360.0,74386.8,170,3808.86,60,72.0,1,748.4,3808.86,4629.26,7.71
Berge,Gemeinde,12070,12070028,127794.1,25364.8,19039.321,21772340.0,949811.8,69,1700.87,14,18.82,0,0.0,1700.87,1719.69,6.71
Breese,Gemeinde,12070,12070052,105220.8,20787.2,15745.9335,13448480.0,0.0,145,1298.14,41,51.66,0,0.0,1298.14,1349.8,6.24
Cumlosen,Gemeinde,12070,12070060,86708.3,17179.6,13049.6051,16380420.0,0.0,77,839.2,23,27.93,3,4548.34,839.2,5415.47,4.88
Gerdshagen,Gemeinde,12070,12070096,72661.6,14387.2,11146.2411,20881330.0,936668.3,47,1984.85,8,9.48,5,36816.68,1984.85,38811.01,13.8
Groß Pankow (Prignitz),Amtsfreie Gemeinde,12070,12070125,729336.9,144834.8,108728.9061,189970010.0,5970508.1,355,14237.21,60,69.56,2,993.6,14237.21,15300.37,9.83
Gülitz-Reetz,Gemeinde,12070,12070145,85201.3,16907.2,12731.295,19755300.0,533042.7,42,900.39,15,15.79,0,0.0,900.39,916.18,5.33
Gumtow,Amtsfreie Gemeinde,12070,12070149,597913.4,118638.4,88244.915,166471110.0,7400807.0,305,15255.51,76,89.68,24,292133.74,15255.51,307478.93,12.86
Halenbeck-Rohlsdorf,Gemeinde,12070,12070153,81415.1,16153.6,12049.7996,34547290.0,1588997.2,35,1932.64,10,13.4,10,228661.85,1932.64,230607.89,11.96
Karstädt,Amtsfreie Gemeinde,12070,12070173,985449.7,195655.6,147461.9995,196749290.0,3906202.7,506,15312.39,104,136.82,9,37061.27,15312.39,52510.48,7.83
Kümmernitztal,Gemeinde,12070,12070222,57000.2,11303.2,8482.5466,18853510.0,786728.7,30,1676.67,6,6.84,0,0.0,1676.67,1683.51,14.83
Lanz,Gemeinde,12070,12070236,108587.0,21538.8,16096.5826,29343630.0,434.5,61,1291.15,11,13.52,0,0.0,1291.15,1304.67,5.99
Legde/Quitzöbel,Gemeinde,12070,12070241,100967.8,20034.4,14886.9696,27751950.0,3737.6,56,926.28,13,13.44,1,749.72,926.28,1689.44,4.62
Lenzen (Elbe),Stadt,12070,12070244,269491.1,53350.0,40597.7163,56993640.0,340975.7,152,2960.9,50,62.64,1,13.2,2960.9,3036.74,5.55
Lenzerwische,Gemeinde,12070,12070246,111456.5,22142.0,16287.1477,36824750.0,0.0,36,1053.16,10,14.36,0,0.0,1053.16,1067.52,4.76
Marienfließ,Gemeinde,12070,12070266,143774.9,28548.0,21802.1248,63878820.0,1861353.3,54,1875.37,16,25.12,7,88362.62,1875.37,90263.11,6.57
Meyenburg,Stadt,12070,12070280,291018.2,57760.4,45341.8511,42367570.0,1817174.5,101,6153.01,43,51.36,1,2799.36,6153.01,9003.73,10.65
Perleberg,Amtsfreie Stadt,12070,12070296,955987.5,189543.2,146010.2765,93979120.0,2967200.4,617,15732.71,152,181.73,6,61327.86,15732.71,77242.3,8.3
Pirow,Gemeinde,12070,12070300,100300.0,19912.4,15125.3101,32867390.0,564845.9,54,1312.9,8,7.51,0,0.0,1312.9,1320.41,6.59
Plattenburg,Amtsfreie Gemeinde,12070,12070302,556718.0,110474.8,82121.8098,138055440.0,6242860.1,290,6226.48,60,61.15,0,0.0,6226.48,6287.63,5.64
Pritzwalk,Amtsfreie Stadt,12070,12070316,1182670.8,234870,183051.5272,148390930.0,6372145.7,538,19200.6,185,220.54,3,13129.77,19200.6,32550.91,8.17
Putlitz,Stadt,12070,12070325,352574.3,69857.6,52341.0304,97056070.0,621002.6,181,4429.54,46,52.8,3,9541.8,4429.54,14024.14,6.34
Rühstädt,Gemeinde,12070,12070348,79248.5,15727.6,11778.4647,23972490.0,0.0,58,973.98,9,12.87,0,0.0,973.98,986.85,6.19
Triglitz,Gemeinde,12070,12070393,81731.7,16197.6,12092.5934,28432420.0,998575.0,53,1840.69,6,8.27,1,7872.48,1840.69,9721.44,11.36
Weisen,Gemeinde,12070,12070416,86641.5,17146.4,13302.0081,10463950.0,43374.1,66,860.62,30,39.54,3,4357.58,860.62,5257.74,5.02
Wittenberge,Amtsfreie Stadt,12070,12070424,1046297.7,207378.8,162118.0608,36303790.0,20990.9,556,9769.7,223,267.55,3,8754.3,9769.7,18791.55,4.71
Briesen,Gemeinde,12071,12071028,66608.0,13172.8,9734.1752,5133920.0,57046.8,64,1616.42,29,31.67,0,0.0,1616.42,1648.09,12.27
Burg (Spreewald),Gemeinde,12071,12071032,408531.8,80674,60599.7802,29672140.0,0.0,334,4592.58,88,107.44,1,10.53,4592.58,4710.55,5.69
Dissen-Striesow,Gemeinde,12071,12071041,104077.3,20600.4,15413.6099,15192280.0,286040.3,85,1181.63,31,36.83,0,0.0,1181.63,1218.46,5.74
Döbern,Stadt,12071,12071044,266350.4,52610,39716.722,6129210.0,109955.9,172,2079.59,82,87.81,3,9612.59,2079.59,11779.99,3.95
Drachhausen,Gemeinde,12071,12071052,113223.2,22350,16436.4949,32911660.0,53453.6,65,1996.16,21,27.26,0,0.0,1996.16,2023.42,8.93
Drebkau,Amtsfreie Stadt,12071,12071057,571042.1,112923.2,85020.761,67744240.0,2542216.8,393,8562.88,169,198.06,4,28477.52,8562.88,37238.46,7.58
Drehnow,Gemeinde,12071,12071060,69767.0,13811.2,10124.6102,8319480.0,3640.0,67,1317.14,7,7.6,0,0.0,1317.14,1324.74,9.54
Felixsee,Gemeinde,12071,12071074,174290.7,34406.0,25611.4826,12442200.0,622652.3,140,3190.41,49,55.44,2,3698.74,3190.41,6944.59,9.27
Forst (Lausitz),Amtsfreie Stadt,12071,12071076,1388800.7,274606.8,211816.7403,60864200.0,653214.6,1003,18500.67,338,365.97,23,151548.59,18500.67,170415.23,6.74
Groß Schacksdorf-Simmersdorf,Gemeinde,12071,12071153,102181.7,20259.6,15148.3082,17085640.0,497042.3,107,3175.83,9,8.87,25,125949.01,3175.83,129133.71,15.68
Guben,Amtsfreie Stadt,12071,12071160,1096073.1,217428.0,172473.5463,29148480.0,381083.4,640,13787.59,211,256.7,6,23391.1,13787.59,37435.39,6.34
Guhrow,Gemeinde,12071,12071164,53935.1,10653.6,7866.2621,5405960.0,31068.1,56,609.6,15,18.83,0,0.0,609.6,628.43,5.72
Heinersbrück,Gemeinde,12071,12071176,88689.8,17565.2,13166.5113,11875430.0,353471.8,52,1093.35,19,23.22,0,0.0,1093.35,1116.57,6.22
Jämlitz-Klein Düben,Gemeinde,12071,12071189,50670.8,10008.0,7374.7421,19417520.0,351542.4,39,260.21,7,8.34,0,0.0,260.21,268.55,2.6
Jänschwalde,Gemeinde,12071,12071193,208735.0,41372.4,30980.4258,42711670.0,344016.3,148,3452.7,40,43.68,10,30191.01,3452.7,33687.39,8.35
Kolkwitz,Amtsfreie Gemeinde,12071,12071244,953835.2,188687.2,143312.5281,75400200.0,1115345.4,970,12992.27,313,369.11,8,14458.16,12992.27,27819.54,6.89
Neiße-Malxetal,Gemeinde,12071,12071294,205560.5,40656.8,29919.8062,25844460.0,601211.3,113,2735.16,46,58.06,2,9111.53,2735.16,11904.75,6.73
Neuhausen/Spree,Amtsfreie Gemeinde,12071,12071301,540153.5,106796.8,79494.931,88440920.0,2895086.1,588,9279.33,176,196.48,31,153655.83,9279.33,163131.64,8.69
Peitz,Stadt,12071,12071304,311524.9,61692.8,47080.604,10094110.0,73571.5,326,3415.42,86,98.19,57,76601.83,3415.42,80115.44,5.54
Schenkendöbern,Amtsfreie Gemeinde,12071,12071337,499403.0,98881.6,75504.0068,139342800.0,1874692.9,394,13709.51,91,103.86,2,2179.93,13709.51,15993.3,13.86
Schmogrow-Fehrow,Gemeinde,12071,12071341,97477.1,19253.6,14473.3367,22980670.0,6026.4,76,1839.61,21,25.18,0,0.0,1839.61,1864.79,9.55
Spremberg,Amtsfreie Stadt,12071,12071372,1883426.0,373278.0,288792.0981,101798990.0,2770279.7,1117,24579.67,435,504.93,42,15528.74,24579.67,40613.34,6.58
Tauer,Gemeinde,12071,12071384,71372.6,14111.2,10790.0392,31193860.0,7968.2,69,754.98,23,25.17,0,0.0,754.98,780.15,5.35
Teichland,Gemeinde,12071,12071386,281630.1,56006.4,43706.135,21001670.0,232934.4,126,1133.68,39,42.52,0,0.0,1133.68,1176.2,2.02
Tschernitz,Gemeinde,12071,12071392,178769.3,35460.0,26962.2177,8070900.0,166999.0,58,517.27,34,42.35,3,2570.48,517.27,3130.1,1.46
Turnow-Preilack,Gemeinde,12071,12071401,123892.7,24514.4,18504.0963,25574880.0,71987.7,126,2756.74,28,34.97,1,1079.85,2756.74,3871.56,11.25
Welzow,Amtsfreie Stadt,12071,12071408,296031.3,58443.6,44587.6293,20712820.0,916053.1,175,2237.41,106,124.8,1,2800.0,2237.41,5162.21,3.83
Werben,Gemeinde,12071,12071412,167943.5,33122.8,24841.1414,20941160.0,14155.5,128,3803.56,38,46.62,5,2022.12,3803.56,5872.3,11.48
Wiesengrund,Gemeinde,12071,12071414,163248.6,32292.4,23887.9939,25122300.0,1286780.9,151,3426.11,39,41.2,5,32385.76,3426.11,35853.07,10.61
Am Mellensee,Amtsfreie Gemeinde,12072,12072002,742168.3,146954.8,109130.6558,68281100.0,1034919.5,502,7214.45,260,308.75,0,0.0,7214.45,7523.2,4.91
Baruth/Mark,Amtsfreie Stadt,12072,12072014,814317.6,161808.0,127017.6219,129545410.0,1021938.1,300,15877.99,106,119.55,4,2830.56,15877.99,18828.1,9.81
Blankenfelde-Mahlow,Amtsfreie Gemeinde,12072,12072017,1251424.9,247318.0,191730.5775,38929080.0,623349.9,1789,19435.91,846,979.9,0,0.0,19435.91,20415.81,7.86
Dahme/Mark,Stadt,12072,12072053,692563.2,137205.6,102653.2328,87349400.0,4355772.0,388,15948.11,93,121.97,3,69941.32,15948.11,86011.4,11.62
Dahmetal,Gemeinde,12072,12072055,109874.0,21802.8,16046.0896,23574260.0,696225.4,62,4093.6,13,16.03,0,0.0,4093.6,4109.63,18.78
Großbeeren,Amtsfreie Gemeinde,12072,12072120,1031313.3,205311.2,170623.82,40469290.0,379517.4,730,19551.42,221,245.35,2,11065.38,19551.42,30862.15,9.52
Ihlow,Gemeinde,12072,12072157,159133.6,31543.6,23577.9687,31519760.0,1845795.6,85,2043.14,13,13.08,0,0.0,2043.14,2056.22,6.48
Jüterbog,Amtsfreie Stadt,12072,12072169,1087803.4,215422.8,161720.7566,161251790.0,2354141.5,496,15605.17,218,235.38,2,12338.8,15605.17,28179.35,7.24
Luckenwalde,Amtsfreie Stadt,12072,12072232,1333028.7,263911.6,206279.1304,30604970.0,306397.9,771,14031.48,399,475.87,11,20819.77,14031.48,35327.12,5.32
Ludwigsfelde,Amtsfreie Stadt,12072,12072240,2010800.4,400052,324711.9795,75112030.0,1233751.4,1495,35358.4,504,568.42,0,0.0,35358.4,35926.82,8.84
Niedergörsdorf,Amtsfreie Gemeinde,12072,12072297,840391.1,166667.2,126254.4779,173458200.0,8860915.3,457,11244.74,112,134.05,3,9986.13,11244.74,21364.92,6.75
Niederer Fläming,Gemeinde,12072,12072298,675341.2,133944.8,100335.5873,132625380.0,7560329.7,291,14001.73,63,77.12,1,749.65,14001.73,14828.5,10.45
Nuthe-Urstromtal,Amtsfreie Gemeinde,12072,12072312,1039627.7,206237.6,159410.6379,224267320.0,181574.4,607,22404.14,216,269.01,7,125771.25,22404.14,148444.4,10.86
Rangsdorf,Amtsfreie Gemeinde,12072,12072340,673869.2,133616.8,105465.2708,22536860.0,86519.4,720,7476.8,348,390.48,1,3.6,7476.8,7870.88,5.6
Trebbin,Amtsfreie Stadt,12072,12072426,932908.6,185130.4,143946.4986,87655570.0,1460799.9,674,14143.56,234,284.61,7,81390.74,14143.56,95818.91,7.64
Zossen,Amtsfreie Stadt,12072,12072477,1346225.9,266619.6,201337.4866,133810060.0,1960221.9,1166,20863.7,514,569.62,4,9580.44,20863.7,31013.76,7.83
Angermünde,Amtsfreie Stadt,12073,12073008,1140724.2,225831.2,171933.3337,228493230.0,2978283.0,748,17194.77,255,308.41,12,12076.36,17194.77,29579.54,7.61
Boitzenburger Land,Amtsfreie Gemeinde,12073,12073069,609384.8,121053.2,90841.2245,113688410.0,947465.6,234,19339.34,86,98.04,8,237861.39,19339.34,257298.77,15.98
Brüssow,Stadt,12073,12073085,260419.0,51658.0,38854.6687,89294630.0,4324040.3,118,4867.99,36,43.34,0,0.0,4867.99,4911.33,9.42
Carmzow-Wallmow,Gemeinde,12073,12073093,65083.3,12921.2,9668.8043,29583340.0,1908824.3,45,2285.77,5,3.29,0,0.0,2285.77,2289.06,17.69
Casekow,Gemeinde,12073,12073097,288396.8,57266.4,43150.6412,75746130.0,1014634.7,119,5039.49,50,61.77,0,0.0,5039.49,5101.26,8.8
Flieth-Stegelitz,Gemeinde,12073,12073157,74145.5,14670.0,10899.8156,33413990.0,0.0,63,2196.36,6,9.66,0,0.0,2196.36,2206.02,14.97
Gartz (Oder),Stadt,12073,12073189,236395.6,46747.2,35395.2634,48215730.0,2626.4,190,3819.26,50,60.99,5,569.52,3819.26,4449.77,8.17
Gerswalde,Gemeinde,12073,12073201,196409.2,38901.6,28913.02,66605720.0,464161.0,107,2142.61,25,32.15,0,0.0,2142.61,2174.76,5.51
Göritz,Gemeinde,12073,12073216,88929.3,17624,13209.7705,23518530.0,1148532.4,60,669.58,22,26.17,0,0.0,669.58,695.75,3.8
Gramzow,Gemeinde,12073,12073225,221919.7,43978.8,33123.5451,60026230.0,1263708.6,113,4142.0,44,53.55,0,0.0,4142.0,4195.55,9.42
Grünow,Gemeinde,12073,12073261,104179.8,20651.2,15453.8523,31873370.0,1906006.2,111,2457.25,21,26.51,4,32865.42,2457.25,35349.18,11.9
Hohenselchow-Groß Pinnow,Gemeinde,12073,12073309,97447.7,19332.0,14496.7793,33010800.0,2192.7,64,1179.05,14,19.49,0,0.0,1179.05,1198.54,6.1
Lychen,Amtsfreie Stadt,12073,12073384,267455.9,52887.6,39237.9386,52218800.0,11063.6,158,3823.21,70,73.14,1,499.89,3823.21,4396.24,7.23
Mescherin,Gemeinde,12073,12073393,101955.8,20228.8,14929.198,25590380.0,878207.9,66,4257.04,15,19.07,1,10.56,4257.04,4286.67,21.04
Milmersdorf,Gemeinde,12073,12073396,160241.2,31746.4,24153.2015,26086570.0,0.0,92,3713.05,45,47.37,1,1661.38,3713.05,5421.8,11.7
Mittenwalde,Gemeinde,12073,12073404,57090.1,11320.8,8497.2582,19148570.0,623944.5,28,2914.28,10,14.4,0,0.0,2914.28,2928.68,25.74
Nordwestuckermark,Amtsfreie Gemeinde,12073,12073429,604390.3,119727.6,89979.6294,199299350.0,4321924.6,349,11263.95,95,118.74,3,18289.91,11263.95,29672.6,9.41
Oberuckersee,Gemeinde,12073,12073430,204149.5,40338.4,29931.7832,64446200.0,1499152.1,147,2969.22,66,76.76,0,0.0,2969.22,3045.98,7.36
Pinnow,Mitverwaltete Gemeinde,12073,12073440,141761.2,28208.8,22420.3102,11519330.0,249640.0,56,3422.02,15,19.68,1,2533.68,3422.02,5975.38,12.13
Prenzlau,Amtsfreie Stadt,12073,12073452,1267558.8,251594.0,197797.7004,120754690.0,3464918.0,608,19992.49,200,239.1,20,44612.84,19992.49,64844.43,7.95
Randowtal,Gemeinde,12073,12073458,122114.2,24216.8,18140.7007,59206950.0,3186011.2,59,866.89,21,26.39,0,0.0,866.89,893.28,3.58
Schenkenberg,Gemeinde,12073,12073490,69809.9,13825.6,10564.8996,28120880.0,1137232.1,36,1598.83,7,7.62,0,0.0,1598.83,1606.45,11.56
Schönfeld,Gemeinde,12073,12073520,60385.1,12000.4,9047.2017,26852400.0,1360868.6,23,2427.38,13,13.66,0,0.0,2427.38,2441.04,20.23
Schwedt/Oder,Amtsfreie Stadt,12073,12073532,2292227.6,455033.2,357679.2157,268900820.0,2909370.3,1050,20625.89,497,589.84,35,13301.57,20625.89,34517.3,4.53
Tantow,Gemeinde,12073,12073565,83604.2,16571.2,12418.7103,31952610.0,523713.3,60,1452.21,14,15.59,0,0.0,1452.21,1467.8,8.76
Temmen-Ringenwalde,Gemeinde,12073,12073569,66963.2,13250.8,9914.6214,39942940.0,0.0,43,1247.57,8,10.91,0,0.0,1247.57,1258.48,9.42
Templin,Amtsfreie Stadt,12073,12073572,1078026.5,213269.2,163296.9839,199576310.0,1798881.9,729,16596.66,269,326.91,10,87133.06,16596.66,104056.63,7.78
Uckerfelde,Gemeinde,12073,12073578,125404.3,24867.6,18753.568,42968940.0,2124411.5,89,2656.67,22,28.74,7,36500.83,2656.67,39186.24,10.68
Uckerland,Amtsfreie Gemeinde,12073,12073579,425768.1,84466.0,63000.1163,150314280.0,4092450.4,217,11125.48,65,78.48,1,128.16,11125.48,11332.12,13.17
Zichow,Gemeinde,12073,12073645,90863.6,18032.8,13473.2143,29117110.0,172621.3,28,1273.64,20,22.55,0,0.0,1273.64,1296.19,7.06
